id,first_name,last_name,email,gender,ip_address
1,Maegan,Domenichini,mdomenichini0@shop-pro.jp,Female,71.3.35.200
2,Ambros,Spedding,aspedding1@desdev.cn,Non-binary,128.92.173.78
3,Merralee,Fonso,mfonso2@simplemachines.org,Female,15.107.118.246
4,Darlene,Cumesky,dcumesky3@netvibes.com,Female,40.161.71.215
5,Deny,Lehrmann,dlehrmann4@tiny.cc,Female,183.108.146.81
6,Cordelie,Thewles,cthewles5@addthis.com,Female,42.174.52.26
7,Lionello,Barczewski,lbarczewski6@zimbio.com,Male,231.169.63.62
8,Chandal,Belcham,cbelcham7@last.fm,Female,220.108.101.9
9,Clement,Bartleet,cbartleet8@tuttocitta.it,Agender,3.221.91.30
10,Hamish,Bettlestone,hbettlestone9@arizona.edu,Male,142.169.70.167
11,Ki,Gosse,kgossea@tinyurl.com,Genderqueer,122.229.229.39
12,Wrennie,Goble,wgobleb@ed.gov,Female,61.54.71.189
13,Teodorico,Marklew,tmarklewc@reuters.com,Male,64.117.211.158
14,Lion,Rickford,lrickfordd@sbwire.com,Agender,160.32.109.78
15,Alf,Berryann,aberryanne@rediff.com,Male,174.175.190.222
16,Alberto,Windus,awindusf@weather.com,Male,139.143.27.109
17,Leonelle,Chantillon,lchantillong@vkontakte.ru,Female,248.111.243.203
18,Dieter,Ironside,dironsideh@ed.gov,Male,208.44.187.146
19,Andrew,Droogan,adroogani@cdc.gov,Male,121.207.244.240
20,Basile,Rumke,brumkej@amazonaws.com,Male,88.53.104.117
21,Celie,Timblett,ctimblettk@indiatimes.com,Female,52.126.131.183
22,Judon,Shiel,jshiell@omniture.com,Male,190.204.119.123
23,Uri,Trematick,utrematickm@ning.com,Male,117.213.112.164
24,Vonni,Schiefersten,vschieferstenn@sun.com,Female,201.0.38.183
25,Ced,Measor,cmeasoro@studiopress.com,Male,125.212.54.180
26,Thorsten,MacKibbon,tmackibbonp@ocn.ne.jp,Male,222.229.9.182
27,Rafa,Gong,rgongq@vinaora.com,Female,178.186.103.137
28,Ezri,Necrews,enecrewsr@fc2.com,Genderfluid,1.240.245.169
29,Chevalier,Rosenfarb,crosenfarbs@google.pl,Male,43.76.214.51
30,Amargo,Holleran,ahollerant@nifty.com,Female,109.237.246.198
31,Elane,Raoux,eraouxu@twitter.com,Female,18.54.80.110
32,Byron,De Luna,bdelunav@salon.com,Male,69.8.206.132
33,Trude,Sansum,tsansumw@bbb.org,Female,240.207.210.19
34,Meredith,Annion,mannionx@altervista.org,Female,25.5.220.27
35,Conant,Durand,cdurandy@exblog.jp,Male,76.216.151.203
36,Ladonna,Thain,lthainz@ucla.edu,Female,102.41.73.146
37,Ernie,Korba,ekorba10@usda.gov,Male,198.159.210.202
38,Theo,Kollaschek,tkollaschek11@unicef.org,Female,251.68.250.80
39,Garold,Style,gstyle12@aol.com,Male,119.1.217.169
40,Clayton,Crannell,ccrannell13@list-manage.com,Male,93.154.30.202
41,Marylou,Kitley,mkitley14@typepad.com,Female,152.223.155.181
42,Gregorio,Bielefeld,gbielefeld15@dmoz.org,Male,132.6.159.235
43,Cece,Exposito,cexposito16@vkontakte.ru,Male,225.54.19.111
44,Tremaine,Borris,tborris17@wikipedia.org,Male,99.221.67.212
45,Trev,Siebart,tsiebart18@webmd.com,Male,176.160.53.162
46,Jamie,Flooks,jflooks19@telegraph.co.uk,Male,201.33.248.26
47,Michele,Pulfer,mpulfer1a@examiner.com,Male,119.14.224.118
48,Kippie,Wincer,kwincer1b@free.fr,Female,14.224.66.143
49,Holly,Monni,hmonni1c@cyberchimps.com,Female,171.158.114.104
50,Layney,Lynam,llynam1d@mashable.com,Female,116.100.68.159
51,Urban,Zimmermanns,uzimmermanns1e@about.com,Male,213.117.120.2
52,Timotheus,Ketley,tketley1f@dailymotion.com,Male,21.49.155.81
53,Zuzana,Corriea,zcorriea1g@ocn.ne.jp,Female,95.55.193.98
54,Philbert,Gascone,pgascone1h@archive.org,Male,85.230.180.186
55,Myrle,Sugge,msugge1i@nsw.gov.au,Female,215.180.113.85
56,Reece,Jeandin,rjeandin1j@businessweek.com,Male,228.225.135.46
57,Laverna,Bow,lbow1k@unicef.org,Female,59.220.47.250
58,Bethina,Povah,bpovah1l@goo.ne.jp,Female,131.66.239.76
59,Tiphani,Nosworthy,tnosworthy1m@wikipedia.org,Female,22.210.61.227
60,Dorene,Stanyard,dstanyard1n@biblegateway.com,Female,72.22.156.201
61,Marisa,Attwill,mattwill1o@examiner.com,Female,50.198.35.225
62,Anatol,Ireland,aireland1p@xrea.com,Male,122.129.94.255
63,Peadar,Pearcey,ppearcey1q@cdbaby.com,Genderqueer,215.20.196.214
64,Constantine,Garter,cgarter1r@stumbleupon.com,Male,22.90.205.148
65,Jazmin,Pelling,jpelling1s@printfriendly.com,Female,213.194.217.191
66,Paddy,MacFie,pmacfie1t@engadget.com,Male,101.68.5.181
67,Lyda,Kyrkeman,lkyrkeman1u@yandex.ru,Female,176.23.122.201
68,Jude,Ballinger,jballinger1v@printfriendly.com,Male,189.9.23.238
69,Lucy,Matura,lmatura1w@mashable.com,Female,74.181.46.136
70,Jacinta,Sellner,jsellner1x@geocities.com,Genderqueer,34.234.253.204
71,Lyndsie,Union,lunion1y@nih.gov,Polygender,166.222.189.157
72,Lonni,Lipman,llipman1z@free.fr,Genderfluid,181.62.116.216
73,Daisie,Terris,dterris20@ask.com,Female,129.188.115.243
74,Hershel,Ingham,hingham21@globo.com,Male,56.136.166.225
75,Philippine,Bellefant,pbellefant22@usa.gov,Female,105.208.155.114
76,Gabriela,Vyvyan,gvyvyan23@google.ru,Female,114.149.149.26
77,Olympia,Wildgoose,owildgoose24@goo.ne.jp,Female,244.170.205.101
78,Genni,Keepence,gkeepence25@mediafire.com,Female,65.168.141.183
79,Teresina,Chaytor,tchaytor26@slideshare.net,Female,222.238.104.116
80,Russ,Pavek,rpavek27@geocities.com,Male,131.179.120.81
81,Roderic,Whitten,rwhitten28@utexas.edu,Male,175.55.185.224
82,Ronica,Aylmer,raylmer29@hugedomains.com,Female,233.93.181.208
83,Budd,Georgelin,bgeorgelin2a@unblog.fr,Agender,81.15.79.63
84,Durant,McCrae,dmccrae2b@abc.net.au,Polygender,86.10.149.55
85,Andy,Hanvey,ahanvey2c@berkeley.edu,Female,109.239.203.62
86,Ferd,Aslie,faslie2d@creativecommons.org,Male,207.140.26.114
87,Freedman,Barwis,fbarwis2e@shop-pro.jp,Male,149.3.205.170
88,Rog,Toderini,rtoderini2f@prnewswire.com,Male,154.92.131.232
89,Sadella,Bullocke,sbullocke2g@deliciousdays.com,Female,157.39.187.33
90,Wallis,Urwin,wurwin2h@samsung.com,Male,98.128.182.64
91,Pooh,Batrip,pbatrip2i@infoseek.co.jp,Female,85.214.169.96
92,Nicolea,Pilgrim,npilgrim2j@unc.edu,Female,42.65.143.91
93,Sherry,Viney,sviney2k@craigslist.org,Female,125.26.198.120
94,Farand,Duffield,fduffield2l@vkontakte.ru,Genderqueer,185.17.136.89
95,Deerdre,Farnes,dfarnes2m@unesco.org,Female,158.175.68.115
96,Gaultiero,Reely,greely2n@amazon.co.uk,Male,242.163.120.57
97,Trenton,Beminster,tbeminster2o@kickstarter.com,Male,154.1.137.161
98,Cash,Ockleshaw,cockleshaw2p@foxnews.com,Male,235.117.105.83
99,Lyell,Crosston,lcrosston2q@de.vu,Male,154.131.241.59
100,Teodora,Carden,tcarden2r@opera.com,Female,222.105.85.152
101,Babara,Bim,bbim2s@chron.com,Agender,183.91.37.103
102,Garek,Dyhouse,gdyhouse2t@army.mil,Male,28.2.36.231
103,Selene,Bauldry,sbauldry2u@symantec.com,Female,76.7.97.199
104,Wilt,Lattey,wlattey2v@webnode.com,Bigender,210.255.3.165
105,Artie,Marquiss,amarquiss2w@fastcompany.com,Male,82.82.1.158
106,Abba,Pead,apead2x@weather.com,Male,34.48.190.205
107,Frankie,Vergo,fvergo2y@goodreads.com,Male,97.200.158.133
108,Dalenna,Hawkings,dhawkings2z@amazonaws.com,Female,180.84.12.12
109,Amandi,Monery,amonery30@yahoo.co.jp,Female,73.73.103.188
110,Cyndie,Alywin,calywin31@hugedomains.com,Female,97.162.119.147
111,Noach,Roderick,nroderick32@furl.net,Male,255.106.135.44
112,Coralie,Childrens,cchildrens33@unblog.fr,Female,234.60.106.16
113,Spenser,Vernon,svernon34@amazon.co.uk,Bigender,17.29.34.127
114,Hirsch,McDiarmid,hmcdiarmid35@uiuc.edu,Male,140.253.89.249
115,Hendrik,Wetherell,hwetherell36@meetup.com,Male,126.5.46.66
116,Catlin,Kerans,ckerans37@umn.edu,Female,64.124.122.65
117,Arman,Rothery,arothery38@github.com,Male,219.43.2.239
118,Jerri,Skeermor,jskeermor39@reverbnation.com,Male,149.18.147.254
119,Petrina,Montez,pmontez3a@vkontakte.ru,Female,152.85.124.248
120,Brooke,Humpatch,bhumpatch3b@howstuffworks.com,Male,110.141.24.20
121,Denny,Janowicz,djanowicz3c@toplist.cz,Male,23.42.3.94
122,Jenilee,Andrzejewski,jandrzejewski3d@smugmug.com,Genderfluid,109.159.69.50
123,Zuzana,Hargitt,zhargitt3e@trellian.com,Female,113.36.128.68
124,Rancell,Moreby,rmoreby3f@deliciousdays.com,Male,200.12.179.35
125,Gardiner,Theis,gtheis3g@reddit.com,Male,108.66.165.11
126,Drud,Brayn,dbrayn3h@ucsd.edu,Male,16.126.65.78
127,Claudine,Gornall,cgornall3i@devhub.com,Bigender,180.43.238.110
128,Cary,Matyushenko,cmatyushenko3j@uiuc.edu,Female,234.51.59.73
129,Krishnah,Dawney,kdawney3k@home.pl,Male,67.192.70.230
130,Cointon,Lambis,clambis3l@fc2.com,Male,78.69.242.166
131,Onofredo,Augur,oaugur3m@geocities.com,Male,79.6.59.202
132,Kory,Limmer,klimmer3n@liveinternet.ru,Male,86.83.203.21
133,Ky,Gorger,kgorger3o@wordpress.org,Male,226.64.157.67
134,Peyter,Trulocke,ptrulocke3p@toplist.cz,Male,41.128.150.178
135,Mike,Tole,mtole3q@mediafire.com,Male,131.37.184.253
136,Faulkner,Hassekl,fhassekl3r@businessinsider.com,Male,157.106.56.126
137,Rodrique,Keitch,rkeitch3s@harvard.edu,Male,231.131.27.19
138,Lotte,Reubens,lreubens3t@wikipedia.org,Genderfluid,32.13.138.222
139,Kara,Choldcroft,kcholdcroft3u@washingtonpost.com,Female,106.253.165.39
140,Petronia,Gallimore,pgallimore3v@issuu.com,Female,226.68.106.172
141,Gretta,Pedlar,gpedlar3w@fotki.com,Female,63.20.11.174
142,Corrie,Elmhirst,celmhirst3x@samsung.com,Female,229.62.171.131
143,Terrye,Handscomb,thandscomb3y@nbcnews.com,Agender,244.33.14.217
144,Isa,Kisby,ikisby3z@github.io,Female,136.99.43.163
145,Harland,Taylerson,htaylerson40@alexa.com,Male,121.119.1.235
146,Umberto,Glenny,uglenny41@creativecommons.org,Male,53.8.24.178
147,Maynord,Deverill,mdeverill42@wikimedia.org,Male,233.185.219.188
148,Saloma,Gibbonson,sgibbonson43@si.edu,Female,197.187.154.191
149,Leann,Last,llast44@yellowpages.com,Female,221.167.250.7
150,Alfie,Welburn,awelburn45@wiley.com,Male,32.81.206.113
151,Karoline,Kos,kkos46@google.com.au,Female,143.133.62.206
152,Etheline,Weale,eweale47@edublogs.org,Bigender,5.28.122.237
153,Belvia,Cornthwaite,bcornthwaite48@sogou.com,Female,57.78.160.16
154,Lin,Presdie,lpresdie49@go.com,Male,186.89.250.231
155,Jessey,McCree,jmccree4a@hostgator.com,Non-binary,208.62.96.179
156,Kristy,Cutmare,kcutmare4b@cbc.ca,Female,47.228.96.238
157,Daphna,Ferroni,dferroni4c@cbsnews.com,Female,68.252.7.212
158,Cristian,Gammidge,cgammidge4d@blog.com,Male,169.104.204.115
159,Celisse,Westby,cwestby4e@aol.com,Polygender,32.192.157.150
160,Clemmy,Kabos,ckabos4f@linkedin.com,Male,180.30.82.191
161,Raina,Stratley,rstratley4g@go.com,Female,136.57.128.233
162,Kathi,Cumpton,kcumpton4h@networkadvertising.org,Female,244.97.249.215
163,Nannette,Janauschek,njanauschek4i@youtube.com,Female,194.39.219.53
164,Kandace,Batiste,kbatiste4j@sciencedaily.com,Female,133.142.93.184
165,Othella,Cescotti,ocescotti4k@php.net,Female,204.106.60.78
166,Carmencita,Lyenyng,clyenyng4l@hhs.gov,Female,248.20.226.253
167,Xenos,Beddow,xbeddow4m@posterous.com,Male,78.42.86.198
168,Chiquita,Wyllie,cwyllie4n@fotki.com,Female,98.151.151.57
169,Gabbi,Hazelden,ghazelden4o@miibeian.gov.cn,Female,141.174.165.255
170,Ezmeralda,Scadden,escadden4p@wired.com,Bigender,64.44.112.164
171,Pegeen,McMaster,pmcmaster4q@examiner.com,Polygender,252.35.245.86
172,Ailbert,Vail,avail4r@uol.com.br,Male,171.210.128.151
173,Giacinta,Yallop,gyallop4s@state.tx.us,Female,118.0.160.254
174,Marcy,Tunaclift,mtunaclift4t@bloglovin.com,Female,72.11.10.130
175,Amandie,Jikylls,ajikylls4u@altervista.org,Female,85.124.250.63
176,Marvin,Kembery,mkembery4v@cnbc.com,Male,127.154.50.107
177,Maison,Blesli,mblesli4w@artisteer.com,Male,96.18.100.237
178,Fay,Feld,ffeld4x@purevolume.com,Female,145.75.244.65
179,Johnna,Lethabridge,jlethabridge4y@japanpost.jp,Female,21.215.136.215
180,Inga,Robbey,irobbey4z@1und1.de,Female,209.192.242.58
181,Marilee,Bottleson,mbottleson50@columbia.edu,Female,42.234.183.200
182,Neils,Nowakowski,nnowakowski51@mac.com,Male,61.172.34.191
183,Kennie,Hiseman,khiseman52@bluehost.com,Male,73.74.252.232
184,Kaleena,Bert,kbert53@illinois.edu,Female,60.254.30.222
185,Greg,Sumsion,gsumsion54@moonfruit.com,Male,207.103.17.144
186,Britte,Innocent,binnocent55@clickbank.net,Female,217.143.227.100
187,Sheppard,Denziloe,sdenziloe56@irs.gov,Male,192.68.220.124
188,Brose,Robart,brobart57@feedburner.com,Male,30.211.100.159
189,Jade,Astlet,jastlet58@usa.gov,Female,35.26.157.144
190,Tait,McCathy,tmccathy59@thetimes.co.uk,Male,119.85.94.10
191,Gilburt,Hudspeth,ghudspeth5a@cisco.com,Male,225.31.73.6
192,Rhodia,Oddie,roddie5b@state.gov,Female,254.230.32.241
193,Vick,Deverell,vdeverell5c@google.com.hk,Male,213.157.189.218
194,Taylor,Tinsley,ttinsley5d@miitbeian.gov.cn,Male,80.177.56.161
195,Mackenzie,Brownlea,mbrownlea5e@seesaa.net,Male,242.135.203.152
196,Adore,Riglesford,ariglesford5f@spiegel.de,Agender,161.174.117.63
197,Shepperd,Spadazzi,sspadazzi5g@shareasale.com,Male,73.226.80.138
198,Frederich,Nickolls,fnickolls5h@nih.gov,Male,170.78.32.83
199,Milty,Sambeck,msambeck5i@simplemachines.org,Male,40.35.199.130
200,Humbert,Trussman,htrussman5j@unblog.fr,Male,188.154.213.57
201,Minny,Gidman,mgidman5k@dmoz.org,Female,48.179.123.111
202,Guillaume,Bezants,gbezants5l@hhs.gov,Male,34.66.219.136
203,Aeriela,Kennsley,akennsley5m@fotki.com,Female,111.190.242.222
204,Agosto,Glancey,aglancey5n@abc.net.au,Male,76.128.146.207
205,Carolynn,Shrive,cshrive5o@jimdo.com,Non-binary,37.168.90.233
206,Maury,Speck,mspeck5p@mapy.cz,Male,163.100.79.96
207,Fee,Glyssanne,fglyssanne5q@bigcartel.com,Male,199.122.52.162
208,Izabel,Probert,iprobert5r@google.co.jp,Female,51.181.2.244
209,Nester,Michelle,nmichelle5s@phpbb.com,Male,244.45.118.85
210,Stephanie,Riggert,sriggert5t@ovh.net,Female,55.234.41.0
211,Olva,Matteau,omatteau5u@nifty.com,Female,88.123.163.234
212,Gherardo,Romanin,gromanin5v@usnews.com,Male,53.25.20.244
213,Bethany,Renbold,brenbold5w@go.com,Genderqueer,12.196.60.7
214,Dyanne,Dansie,ddansie5x@etsy.com,Female,58.243.65.208
215,Rebeka,Showte,rshowte5y@nyu.edu,Female,218.174.241.92
216,Terrill,Nary,tnary5z@elegantthemes.com,Male,136.80.145.73
217,Jan,Beechcraft,jbeechcraft60@opera.com,Male,197.237.182.70
218,Ezri,Szepe,eszepe61@google.com.hk,Male,65.99.97.187
219,Henrie,Tilio,htilio62@narod.ru,Female,167.241.94.132
220,Corey,Greguol,cgreguol63@devhub.com,Male,103.62.207.142
221,Feliza,Banat,fbanat64@topsy.com,Female,105.205.81.94
222,Sissy,Medler,smedler65@theatlantic.com,Female,81.238.19.44
223,Rosette,Urrey,rurrey66@irs.gov,Female,135.199.153.136
224,Janos,Sarjeant,jsarjeant67@tinyurl.com,Male,37.163.108.68
225,Phillipe,Fante,pfante68@ycombinator.com,Male,216.115.128.215
226,Tim,Pakeman,tpakeman69@msn.com,Male,12.71.177.2
227,Ky,Paulucci,kpaulucci6a@google.ru,Male,255.168.7.65
228,Vin,Yeoman,vyeoman6b@etsy.com,Male,171.60.124.18
229,Serena,Brokenshire,sbrokenshire6c@epa.gov,Agender,49.180.35.92
230,Jim,Toby,jtoby6d@trellian.com,Male,154.39.174.82
231,Deerdre,Grugerr,dgrugerr6e@mashable.com,Agender,127.44.65.237
232,Hodge,Cottrill,hcottrill6f@icio.us,Genderfluid,155.91.11.10
233,Trent,Smalley,tsmalley6g@house.gov,Male,140.202.203.199
234,Agneta,Goeff,agoeff6h@themeforest.net,Female,233.3.202.221
235,Denyse,Bome,dbome6i@uol.com.br,Female,109.236.48.152
236,Michaela,Dohmann,mdohmann6j@samsung.com,Female,31.104.88.36
237,Roman,Lamlin,rlamlin6k@github.com,Male,116.162.230.88
238,Cesaro,Spivie,cspivie6l@chron.com,Male,78.30.3.41
239,Lorie,Beedie,lbeedie6m@123-reg.co.uk,Female,13.14.39.213
240,Sari,Smiley,ssmiley6n@hud.gov,Female,204.136.66.221
241,Mara,Strood,mstrood6o@posterous.com,Female,53.64.192.116
242,Diandra,Withams,dwithams6p@g.co,Female,236.7.164.91
243,Meade,Getsham,mgetsham6q@ehow.com,Male,68.203.106.210
244,Wesley,Buffey,wbuffey6r@microsoft.com,Male,164.201.34.144
245,Bridget,Westrip,bwestrip6s@stumbleupon.com,Polygender,240.5.76.68
246,Kendrick,Knibbs,kknibbs6t@example.com,Male,241.78.132.255
247,Fritz,Ratledge,fratledge6u@cocolog-nifty.com,Male,36.32.40.147
248,Derk,O'Fergus,dofergus6v@oakley.com,Male,197.85.187.190
249,Gallagher,Sobczak,gsobczak6w@salon.com,Male,38.129.162.8
250,Elmo,Coleson,ecoleson6x@feedburner.com,Male,67.117.232.219
251,Kalvin,Yarker,kyarker6y@alibaba.com,Male,130.75.39.156
252,Maddie,Lighterness,mlighterness6z@google.com.au,Female,89.56.167.33
253,Genevieve,Boxhill,gboxhill70@jigsy.com,Female,239.114.105.48
254,Cara,Myderscough,cmyderscough71@imageshack.us,Female,77.191.236.3
255,Von,Woodwin,vwoodwin72@google.es,Male,251.194.0.26
256,Bunny,Dewer,bdewer73@yahoo.com,Female,44.33.164.91
257,Shae,Hacket,shacket74@xing.com,Female,67.51.215.145
258,Florian,Serjeantson,fserjeantson75@salon.com,Agender,143.7.27.1
259,Errick,MacFarland,emacfarland76@who.int,Male,230.201.244.56
260,Jeremias,Brattan,jbrattan77@dailymail.co.uk,Polygender,213.188.47.248
261,Joyann,Kellogg,jkellogg78@delicious.com,Female,224.94.46.92
262,Silvester,Bowdon,sbowdon79@sohu.com,Male,89.19.85.5
263,Ber,Hailes,bhailes7a@cornell.edu,Male,169.42.46.69
264,Prissie,Chastney,pchastney7b@1und1.de,Female,202.63.220.11
265,Tildy,Farndale,tfarndale7c@washington.edu,Female,69.74.94.56
266,Ingram,Joiris,ijoiris7d@symantec.com,Male,162.79.17.150
267,Carmina,Hazeup,chazeup7e@businesswire.com,Female,243.233.222.107
268,Olly,Spearett,ospearett7f@example.com,Female,248.104.17.172
269,Verney,Pennini,vpennini7g@columbia.edu,Male,198.240.234.187
270,Catarina,Cervantes,ccervantes7h@hubpages.com,Female,130.15.2.18
271,Lexine,Feedome,lfeedome7i@infoseek.co.jp,Genderfluid,241.227.9.54
272,Feodora,McClymont,fmcclymont7j@gmpg.org,Genderfluid,103.252.51.9
273,Elvis,Mazzey,emazzey7k@skype.com,Male,218.144.86.74
274,Nadya,Scirman,nscirman7l@about.me,Female,203.199.122.237
275,Ariella,Gateman,agateman7m@mediafire.com,Female,31.178.59.246
276,Trixie,Harme,tharme7n@bing.com,Female,142.186.143.164
277,Britte,Eagleton,beagleton7o@shutterfly.com,Female,83.109.103.164
278,Gae,Weaver,gweaver7p@hibu.com,Female,92.101.159.123
279,Ulrick,Curtiss,ucurtiss7q@mapquest.com,Male,59.179.75.25
280,Meara,Berlin,mberlin7r@cnbc.com,Female,218.189.192.111
281,Milton,Phizaclea,mphizaclea7s@wikipedia.org,Male,199.132.0.174
282,Barde,Robison,brobison7t@webmd.com,Male,253.7.37.183
283,Marie-ann,Joyes,mjoyes7u@umn.edu,Polygender,81.134.5.75
284,Emlynn,Livzey,elivzey7v@cbslocal.com,Bigender,120.116.71.134
285,Davey,Parton,dparton7w@microsoft.com,Male,5.156.183.73
286,Artur,Schwand,aschwand7x@adobe.com,Male,68.118.114.64
287,Damiano,Linsley,dlinsley7y@phoca.cz,Bigender,129.102.241.24
288,Mark,Hinkensen,mhinkensen7z@yellowbook.com,Male,70.4.175.120
289,Burk,Murden,bmurden80@google.it,Male,20.52.26.186
290,Orsola,Menilove,omenilove81@addtoany.com,Female,135.87.169.87
291,Carlo,Walding,cwalding82@list-manage.com,Male,217.232.0.31
292,Augustin,Hoff,ahoff83@xinhuanet.com,Male,158.205.55.148
293,Lon,Davidove,ldavidove84@photobucket.com,Polygender,165.29.240.85
294,Liva,Grigori,lgrigori85@google.de,Female,242.114.133.229
295,Berty,Cocking,bcocking86@seesaa.net,Male,190.149.52.46
296,Jeramie,Ciobutaru,jciobutaru87@mac.com,Male,18.185.154.113
297,Earl,Benedek,ebenedek88@wordpress.org,Male,100.248.100.200
298,Teddy,Lagde,tlagde89@whitehouse.gov,Male,126.46.80.237
299,Ferdie,Lars,flars8a@shinystat.com,Male,219.181.16.245
300,Robbyn,Le - Count,rlecount8b@businesswire.com,Female,25.102.242.117
301,Goober,Chaney,gchaney8c@oaic.gov.au,Male,163.18.167.176
302,Cortie,O'Shaughnessy,coshaughnessy8d@mozilla.org,Male,46.201.124.208
303,Loralie,Ballston,lballston8e@dell.com,Female,11.237.82.127
304,Stefan,Brundle,sbrundle8f@youtu.be,Male,241.173.133.196
305,Osbourne,Slidders,oslidders8g@hexun.com,Male,181.9.118.107
306,Leta,O'Heagertie,loheagertie8h@umich.edu,Female,223.75.126.213
307,Berti,Greenside,bgreenside8i@bloomberg.com,Male,22.81.91.159
308,Jud,Brewett,jbrewett8j@stumbleupon.com,Male,41.140.61.220
309,Isabella,Giamelli,igiamelli8k@guardian.co.uk,Female,104.237.59.99
310,Noemi,Hartlebury,nhartlebury8l@cam.ac.uk,Non-binary,129.138.60.117
311,Bryce,Dumingo,bdumingo8m@google.ru,Male,78.89.161.114
312,Kanya,Brazenor,kbrazenor8n@disqus.com,Female,117.113.55.110
313,Sumner,Freeborn,sfreeborn8o@wordpress.com,Male,70.222.79.198
314,Gerek,Culpin,gculpin8p@mysql.com,Male,47.4.86.208
315,Papagena,Rosentholer,prosentholer8q@php.net,Female,179.8.75.211
316,Maurita,Neilands,mneilands8r@narod.ru,Female,252.234.87.82
317,Philipa,Winn,pwinn8s@virginia.edu,Female,35.130.5.233
318,Pail,Destouche,pdestouche8t@epa.gov,Male,237.119.109.112
319,Marijn,MacPaden,mmacpaden8u@sciencedaily.com,Male,188.6.249.140
320,Ashly,Marples,amarples8v@elegantthemes.com,Female,210.248.85.70
321,Carleen,McCalum,cmccalum8w@unc.edu,Polygender,180.202.155.59
322,Berkly,Prydden,bprydden8x@networkadvertising.org,Male,189.211.80.239
323,Jabez,Hardingham,jhardingham8y@gnu.org,Male,32.178.120.88
324,Denver,Molyneaux,dmolyneaux8z@census.gov,Male,118.103.213.9
325,Hussein,Ruecastle,hruecastle90@reddit.com,Male,193.108.118.215
326,Claudius,Merring,cmerring91@issuu.com,Male,123.155.95.59
327,Brittaney,Luscott,bluscott92@cpanel.net,Female,221.179.53.214
328,Fons,Whitehead,fwhitehead93@theguardian.com,Male,229.97.124.139
329,Orlan,Chuck,ochuck94@businessweek.com,Male,137.224.38.8
330,Marchelle,Glasner,mglasner95@smugmug.com,Female,244.71.42.98
331,Maximilianus,Branthwaite,mbranthwaite96@chron.com,Male,189.36.143.85
332,Feliks,Simanek,fsimanek97@usa.gov,Male,64.214.50.169
333,Elisha,Standen,estanden98@hhs.gov,Female,191.96.187.60
334,Ray,Liepina,rliepina99@stanford.edu,Female,121.168.178.216
335,Elnar,Doswell,edoswell9a@constantcontact.com,Male,192.211.152.39
336,Claudetta,Molen,cmolen9b@army.mil,Female,142.83.182.22
337,Amandi,Gorch,agorch9c@ihg.com,Female,133.238.225.48
338,Agnes,Woodstock,awoodstock9d@timesonline.co.uk,Female,69.204.225.88
339,Kaylyn,Harmon,kharmon9e@microsoft.com,Female,187.29.242.61
340,Esdras,Crouch,ecrouch9f@nationalgeographic.com,Male,2.71.153.207
341,Rosemaria,Pepperd,rpepperd9g@geocities.com,Female,73.195.100.252
342,Idell,O'Hagirtie,iohagirtie9h@mayoclinic.com,Female,65.30.215.133
343,Kaine,Everit,keverit9i@jugem.jp,Male,60.193.75.205
344,Lillis,Drysdall,ldrysdall9j@edublogs.org,Female,44.63.35.247
345,Tye,Courage,tcourage9k@163.com,Male,71.34.64.28
346,Loraine,Derell,lderell9l@free.fr,Female,77.106.7.148
347,Gaylene,Lavrick,glavrick9m@youtube.com,Female,117.124.49.44
348,Howey,Ausello,hausello9n@istockphoto.com,Male,34.4.152.199
349,Elmer,Garrish,egarrish9o@sfgate.com,Male,127.254.151.153
350,Gertruda,Senescall,gsenescall9p@goo.gl,Non-binary,115.202.168.225
351,Odo,Fearnehough,ofearnehough9q@mozilla.org,Male,250.189.247.147
352,Allyce,Slaght,aslaght9r@nasa.gov,Female,170.248.125.174
353,Thayne,Pedican,tpedican9s@rediff.com,Male,181.7.133.25
354,Wang,Brownrigg,wbrownrigg9t@state.tx.us,Male,82.169.144.125
355,Noelani,Whorlton,nwhorlton9u@dot.gov,Polygender,253.234.138.220
356,Orella,Konig,okonig9v@privacy.gov.au,Female,35.29.72.17
357,Mariel,Alwin,malwin9w@tiny.cc,Female,175.253.13.24
358,Job,Veschambes,jveschambes9x@vistaprint.com,Male,12.55.91.60
359,Lindon,Shevlin,lshevlin9y@cbc.ca,Male,14.84.113.107
360,Katleen,Ipwell,kipwell9z@cisco.com,Female,93.86.207.155
361,Isak,Reis,ireisa0@wired.com,Male,190.80.29.97
362,Paddy,Slinn,pslinna1@gov.uk,Male,216.120.96.17
363,Valaree,Kibbee,vkibbeea2@dailymotion.com,Female,100.6.215.87
364,Cassie,Renols,crenolsa3@exblog.jp,Male,20.131.255.109
365,Lezley,Ravillas,lravillasa4@amazon.com,Male,13.240.115.127
366,Alard,Doumic,adoumica5@wikimedia.org,Bigender,129.131.252.73
367,Carlen,Mackiewicz,cmackiewicza6@gizmodo.com,Female,134.158.62.151
368,Andros,Jedrysik,ajedrysika7@wordpress.com,Male,37.184.73.190
369,Bryana,Anfusso,banfussoa8@gnu.org,Female,227.169.100.196
370,Kaylyn,Quinsee,kquinseea9@state.tx.us,Female,173.167.201.70
371,Serge,Beiderbecke,sbeiderbeckeaa@de.vu,Male,21.94.38.79
372,Serge,Moule,smouleab@msn.com,Male,209.110.215.150
373,Iain,Marley,imarleyac@engadget.com,Male,231.81.114.13
374,Oona,Everix,oeverixad@biglobe.ne.jp,Female,229.67.35.81
375,Ash,Louedey,alouedeyae@chronoengine.com,Male,228.194.114.34
376,Calvin,Inder,cinderaf@sciencedirect.com,Male,137.215.80.10
377,Gayel,Hardern,ghardernag@uiuc.edu,Female,32.172.176.39
378,Shina,Eastbury,seastburyah@canalblog.com,Female,56.148.41.92
379,Dode,Offen,doffenai@cnbc.com,Female,219.229.207.251
380,Velma,Gammidge,vgammidgeaj@ask.com,Female,174.188.100.158
381,Alexandre,O'Fairy,aofairyak@harvard.edu,Male,160.195.170.83
382,Rivi,Eskriett,reskriettal@exblog.jp,Polygender,197.128.115.31
383,Lucas,Revett,lrevettam@weather.com,Male,126.64.188.181
384,Raye,Chatenet,rchatenetan@npr.org,Female,240.126.167.81
385,Janos,Wilmott,jwilmottao@51.la,Male,104.116.13.7
386,Clyve,Wynne,cwynneap@github.io,Male,178.128.168.146
387,Shay,Cicero,sciceroaq@domainmarket.com,Genderqueer,19.145.193.195
388,Nicola,Emmer,nemmerar@ted.com,Male,247.206.249.45
389,Randell,Erratt,rerrattas@plala.or.jp,Male,91.10.125.127
390,Dalston,Vale,dvaleat@fastcompany.com,Male,167.73.243.8
391,Mariellen,Darnody,mdarnodyau@spotify.com,Female,233.200.176.117
392,Sapphira,Bartunek,sbartunekav@myspace.com,Female,232.23.142.20
393,Kinnie,Simond,ksimondaw@mac.com,Male,172.141.8.149
394,Papageno,Shermar,pshermarax@chron.com,Bigender,157.93.242.125
395,Jenna,Galland,jgallanday@taobao.com,Polygender,253.7.61.37
396,Heriberto,Orridge,horridgeaz@discuz.net,Male,194.254.33.23
397,Tiebold,Horsted,thorstedb0@economist.com,Male,224.130.4.220
398,Adam,Stebbin,astebbinb1@umich.edu,Male,3.148.190.184
399,Edi,Rookledge,erookledgeb2@merriam-webster.com,Female,205.159.151.92
400,Chandal,Dixon,cdixonb3@shareasale.com,Genderfluid,160.96.139.81
401,Carmina,Johannesson,cjohannessonb4@netscape.com,Female,207.41.201.144
402,Perren,Olek,polekb5@barnesandnoble.com,Male,67.209.204.239
403,Rosamond,McElhargy,rmcelhargyb6@mail.ru,Female,54.177.131.107
404,Elsie,Minchell,eminchellb7@nyu.edu,Female,231.69.198.107
405,Viviana,Base,vbaseb8@mapquest.com,Female,235.11.73.91
406,Clo,Bremner,cbremnerb9@redcross.org,Female,203.58.186.187
407,Neall,Talbot,ntalbotba@paypal.com,Male,198.18.22.97
408,Saloma,Markie,smarkiebb@state.gov,Female,197.109.101.230
409,Frank,Goodee,fgoodeebc@blinklist.com,Male,28.68.181.124
410,Lalo,Scaife,lscaifebd@mayoclinic.com,Male,21.67.128.240
411,Harman,Gutowski,hgutowskibe@multiply.com,Agender,28.125.53.118
412,Batsheva,Shipman,bshipmanbf@google.com.au,Female,90.148.0.39
413,Sheba,Olivi,solivibg@wsj.com,Female,80.66.94.241
414,Reinhold,Barbara,rbarbarabh@homestead.com,Male,222.96.80.60
415,Edgardo,McCome,emccomebi@blogspot.com,Male,121.214.222.114
416,Benji,Huxstep,bhuxstepbj@smh.com.au,Male,132.135.97.166
417,Kara,Peevor,kpeevorbk@t.co,Female,244.135.175.164
418,Philip,Raggatt,praggattbl@surveymonkey.com,Male,173.197.190.188
419,Allyce,Capelin,acapelinbm@phpbb.com,Female,200.160.107.105
420,Patten,Cabrera,pcabrerabn@google.es,Male,58.172.161.224
421,Nessi,Franklyn,nfranklynbo@shinystat.com,Female,115.129.215.66
422,Teddy,Rudgley,trudgleybp@squarespace.com,Female,143.121.70.232
423,Aridatha,Crassweller,acrasswellerbq@printfriendly.com,Female,47.88.178.23
424,Brig,Ollander,bollanderbr@hp.com,Genderqueer,171.222.156.2
425,Todd,Galiero,tgalierobs@engadget.com,Male,251.4.15.171
426,Manya,Woolbrook,mwoolbrookbt@tripod.com,Female,1.235.61.20
427,Corabella,Jelfs,cjelfsbu@hexun.com,Non-binary,188.71.126.210
428,Dwight,Frunks,dfrunksbv@sogou.com,Male,148.87.145.81
429,Caleb,Bootyman,cbootymanbw@toplist.cz,Male,21.222.55.4
430,Parker,Muttock,pmuttockbx@yale.edu,Male,110.19.162.222
431,Chick,Samudio,csamudioby@gizmodo.com,Bigender,24.117.136.235
432,Aleta,Rait,araitbz@fda.gov,Female,30.97.195.129
433,Lana,Matisse,lmatissec0@fotki.com,Female,96.127.142.9
434,Gabriello,Gillaspy,ggillaspyc1@bizjournals.com,Male,60.212.176.38
435,Jarrett,Frape,jfrapec2@economist.com,Male,186.176.108.136
436,Barret,Meriton,bmeritonc3@cnbc.com,Male,250.43.62.180
437,Bucky,Goodwill,bgoodwillc4@rediff.com,Male,114.58.69.2
438,Glynnis,Flemming,gflemmingc5@oakley.com,Female,250.3.131.112
439,Christyna,Audenis,caudenisc6@vinaora.com,Female,100.100.248.137
440,Adi,Rubinovici,arubinovicic7@ovh.net,Female,251.164.240.217
441,Ki,Santen,ksantenc8@ucla.edu,Female,30.138.220.37
442,Aldo,Vaisey,avaiseyc9@umich.edu,Male,255.53.72.99
443,Eve,Ferrari,eferrarica@youtu.be,Female,13.28.116.201
444,Debi,Havers,dhaverscb@fda.gov,Female,51.218.193.147
445,Danny,Jolliss,djollisscc@ow.ly,Male,189.135.13.238
446,Derby,Shewring,dshewringcd@barnesandnoble.com,Male,181.159.54.221
447,Lewes,Trahair,ltrahairce@purevolume.com,Male,179.23.143.232
448,Jo ann,Puckinghorne,jpuckinghornecf@google.com.au,Female,216.52.43.85
449,Doralyn,Dudden,dduddencg@about.me,Female,195.234.105.139
450,Jamison,Gieraths,jgierathsch@blinklist.com,Male,8.109.76.110
451,Theobald,Domegan,tdomeganci@mediafire.com,Male,3.146.215.26
452,Pavlov,Tout,ptoutcj@fc2.com,Male,221.49.39.206
453,Matty,Dykes,mdykesck@washington.edu,Male,56.254.162.34
454,Holly-anne,Stych,hstychcl@dot.gov,Female,81.202.255.56
455,Ingar,Gromley,igromleycm@livejournal.com,Male,81.79.45.40
456,Eimile,Ethelston,eethelstoncn@miibeian.gov.cn,Female,107.41.218.136
457,Kayley,Halpin,khalpinco@booking.com,Female,233.253.170.21
458,Jacinta,Clarycott,jclarycottcp@123-reg.co.uk,Female,75.243.38.243
459,Caz,Roseveare,crosevearecq@ebay.com,Male,245.83.122.174
460,Herminia,Madden,hmaddencr@opensource.org,Non-binary,44.198.27.208
461,Sioux,Risborough,srisboroughcs@go.com,Female,167.241.57.230
462,Marlon,Tovey,mtoveyct@mayoclinic.com,Male,11.110.4.0
463,Heinrik,Mcasparan,hmcasparancu@auda.org.au,Male,198.82.216.183
464,Conni,Videneev,cvideneevcv@alibaba.com,Non-binary,86.130.133.226
465,Cicily,Watford,cwatfordcw@ebay.co.uk,Bigender,131.93.65.170
466,Drusie,Easey,deaseycx@reference.com,Female,255.95.221.103
467,Alejandrina,Schimank,aschimankcy@apple.com,Female,127.145.84.88
468,Pepillo,Vittet,pvittetcz@icq.com,Male,96.182.182.218
469,Raleigh,Gash,rgashd0@gnu.org,Male,227.34.101.104
470,Hobard,Spellacey,hspellaceyd1@bigcartel.com,Male,84.134.100.130
471,Leia,Oakton,loaktond2@si.edu,Female,7.198.44.254
472,Bryan,Brent,bbrentd3@cnn.com,Male,112.139.128.5
473,Clarie,Daniell,cdanielld4@theglobeandmail.com,Female,86.209.208.180
474,Barthel,Levet,blevetd5@hc360.com,Male,230.58.86.182
475,Margi,Blenkharn,mblenkharnd6@illinois.edu,Genderqueer,81.139.62.76
476,Babbie,Jenk,bjenkd7@geocities.com,Female,39.195.204.51
477,Erv,Wykey,ewykeyd8@home.pl,Male,128.255.191.159
478,Alic,Gatiss,agatissd9@who.int,Male,156.64.161.115
479,Gianna,Tomasz,gtomaszda@cpanel.net,Female,55.123.184.192
480,Cale,Belcher,cbelcherdb@mit.edu,Male,204.172.64.132
481,Tuckie,Custance,tcustancedc@discuz.net,Male,209.176.152.201
482,Kermie,Bunny,kbunnydd@nps.gov,Male,47.176.80.108
483,Jenifer,Rollinson,jrollinsonde@statcounter.com,Female,91.189.80.231
484,Tanny,Arnowicz,tarnowiczdf@sun.com,Male,63.243.59.128
485,Chere,Wattins,cwattinsdg@ftc.gov,Female,95.226.81.83
486,Cross,Moorcraft,cmoorcraftdh@dyndns.org,Male,132.65.108.49
487,Robena,Lawranson,rlawransondi@samsung.com,Female,4.177.48.114
488,Igor,Weadick,iweadickdj@blog.com,Male,181.47.14.146
489,Gunilla,Redd,gredddk@umn.edu,Female,174.2.167.50
490,Ax,Salvatore,asalvatoredl@blogspot.com,Male,193.163.155.231
491,Lon,Ingliss,linglissdm@bigcartel.com,Male,67.22.193.44
492,Candide,Geharke,cgeharkedn@goo.gl,Female,195.130.133.82
493,Warde,Wimpenny,wwimpennydo@japanpost.jp,Male,112.109.182.197
494,Tansy,Guwer,tguwerdp@plala.or.jp,Female,252.16.80.206
495,Carrissa,Janes,cjanesdq@icq.com,Female,212.124.21.30
496,Benedick,Creak,bcreakdr@1und1.de,Male,74.228.133.213
497,Fitzgerald,Tower,ftowerds@acquirethisname.com,Male,134.80.209.0
498,Tan,Duffan,tduffandt@examiner.com,Male,103.225.185.252
499,Allister,Foakes,afoakesdu@ocn.ne.jp,Male,172.44.66.157
500,Lyn,Pickton,lpicktondv@cocolog-nifty.com,Male,15.1.167.89
501,Wendall,Gradwell,wgradwelldw@list-manage.com,Male,198.2.134.75
502,Petronia,Danniell,pdannielldx@wp.com,Female,202.254.116.255
503,Darelle,Ozelton,dozeltondy@ucoz.ru,Female,92.206.73.12
504,Webb,Game,wgamedz@xrea.com,Male,145.252.103.125
505,Hatty,Cochrane,hcochranee0@senate.gov,Female,213.86.150.217
506,Madison,Gladbeck,mgladbecke1@cyberchimps.com,Male,58.194.191.14
507,Gavrielle,Zannuto,gzannutoe2@engadget.com,Female,71.84.52.71
508,Georgine,Normanvill,gnormanville3@e-recht24.de,Female,154.251.103.69
509,Calvin,Huby,chubye4@gravatar.com,Male,84.90.51.253
510,Dennison,Osgordby,dosgordbye5@ask.com,Male,123.244.195.93
511,Corny,McQuaid,cmcquaide6@fotki.com,Male,201.182.118.68
512,West,Gemeau,wgemeaue7@archive.org,Male,200.121.98.168
513,Prue,Garcia,pgarciae8@phoca.cz,Non-binary,47.87.117.5
514,Kelsey,Pinshon,kpinshone9@pen.io,Female,130.173.153.80
515,Virgie,Pearson,vpearsonea@biglobe.ne.jp,Female,91.132.45.125
516,Joletta,Pote,jpoteeb@mysql.com,Female,232.55.242.192
517,Nedi,Caulliere,ncaulliereec@telegraph.co.uk,Female,6.86.204.31
518,Issie,Figures,ifiguresed@boston.com,Female,244.202.148.229
519,Ruthie,Polly,rpollyee@dmoz.org,Polygender,146.208.240.214
520,Evelina,Challender,echallenderef@unesco.org,Female,135.185.183.235
521,Sallee,Gillivrie,sgillivrieeg@feedburner.com,Female,106.94.58.5
522,Obadiah,Groven,ogroveneh@jiathis.com,Male,149.167.93.75
523,Chrystel,Sherringham,csherringhamei@phoca.cz,Female,254.73.120.57
524,Kathi,Tuer,ktuerej@friendfeed.com,Female,208.10.176.206
525,Yorker,Dumphry,ydumphryek@unesco.org,Male,151.88.243.221
526,Cesya,Huxtable,chuxtableel@deliciousdays.com,Female,0.40.164.210
527,Antonella,Hyndes,ahyndesem@dion.ne.jp,Female,46.234.132.37
528,Arley,Macklin,amacklinen@irs.gov,Male,207.199.242.40
529,Cornie,Beggin,cbeggineo@zimbio.com,Male,50.91.31.162
530,Orlan,Crum,ocrumep@weibo.com,Male,138.214.181.211
531,Romonda,Kears,rkearseq@flickr.com,Female,48.238.62.65
532,Farrell,Kopelman,fkopelmaner@sourceforge.net,Male,195.167.2.204
533,Randy,Leyninye,rleyninyees@sciencedaily.com,Male,177.36.78.63
534,Star,Reuss,sreusset@uiuc.edu,Genderqueer,3.143.201.11
535,Amory,Beckwith,abeckwitheu@furl.net,Male,137.116.149.164
536,Ahmad,Grinin,agrininev@oakley.com,Male,85.226.172.49
537,Koenraad,Nelles,knellesew@feedburner.com,Genderqueer,235.113.125.95
538,Haydon,Delagua,hdelaguaex@marriott.com,Male,63.188.221.218
539,Valencia,Blasi,vblasiey@comsenz.com,Female,3.129.70.15
540,Sarene,Goodread,sgoodreadez@yellowbook.com,Female,243.158.195.9
541,Art,Gyrgorcewicx,agyrgorcewicxf0@slideshare.net,Male,207.52.188.6
542,Virgil,Germain,vgermainf1@photobucket.com,Male,163.225.122.222
543,Gare,Hastings,ghastingsf2@mayoclinic.com,Male,127.214.56.62
544,Merrile,Tupie,mtupief3@flickr.com,Female,252.222.180.148
545,Arte,Roumier,aroumierf4@wikimedia.org,Male,153.248.20.216
546,Bethina,Malshinger,bmalshingerf5@pagesperso-orange.fr,Female,214.82.89.165
547,Marjie,MacDuffie,mmacduffief6@wsj.com,Female,5.181.94.90
548,Michele,Biner,mbinerf7@tinyurl.com,Female,19.75.157.101
549,Roarke,Bullon,rbullonf8@pagesperso-orange.fr,Male,141.164.252.96
550,Moselle,Purselowe,mpurselowef9@diigo.com,Female,170.85.122.5
551,Herby,Fellowes,hfellowesfa@g.co,Genderfluid,198.54.125.204
552,Luce,Blakeborough,lblakeboroughfb@ning.com,Female,39.77.240.53
553,Adler,McCurt,amccurtfc@cisco.com,Male,110.197.18.160
554,Katti,MacGillacolm,kmacgillacolmfd@angelfire.com,Female,16.173.34.233
555,Kerianne,Connochie,kconnochiefe@ft.com,Female,147.21.53.177
556,Jerrylee,Burkman,jburkmanff@clickbank.net,Female,254.88.238.166
557,Ikey,Cropton,icroptonfg@meetup.com,Male,108.181.200.234
558,Suzie,Presdee,spresdeefh@gnu.org,Female,187.254.13.231
559,Mandel,Westwick,mwestwickfi@livejournal.com,Male,67.185.40.169
560,Felike,Floodgate,ffloodgatefj@wsj.com,Male,31.172.179.114
561,Austin,Linnock,alinnockfk@oracle.com,Female,37.169.211.88
562,Edgard,Donnison,edonnisonfl@answers.com,Genderqueer,103.143.157.131
563,Wells,Suffe,wsuffefm@nba.com,Male,251.13.62.143
564,Pegeen,Pressnell,ppressnellfn@nytimes.com,Female,72.72.100.64
565,Wilhelmina,Cortnay,wcortnayfo@prweb.com,Female,153.98.125.15
566,Herschel,MacCaughan,hmaccaughanfp@mysql.com,Male,48.62.196.221
567,Ketty,Barme,kbarmefq@cnbc.com,Female,253.65.241.93
568,Chandra,Shaplin,cshaplinfr@amazon.de,Female,12.77.113.66
569,Noll,Evenett,nevenettfs@list-manage.com,Male,137.83.59.18
570,Shannan,Hannond,shannondft@trellian.com,Male,134.242.76.130
571,Luise,Proudley,lproudleyfu@linkedin.com,Female,98.57.123.212
572,Judie,Helstrip,jhelstripfv@arizona.edu,Female,169.42.235.203
573,Aubrette,McGuinness,amcguinnessfw@nymag.com,Female,126.25.240.88
574,Marv,Woodage,mwoodagefx@photobucket.com,Male,181.205.150.100
575,Lutero,Tinmouth,ltinmouthfy@clickbank.net,Male,66.255.21.22
576,Gabriella,Moggach,gmoggachfz@hc360.com,Female,48.169.94.134
577,Ilyse,Congreve,icongreveg0@intel.com,Female,34.131.219.28
578,Chrissie,Parkin,cparking1@chicagotribune.com,Female,90.69.204.45
579,Kayle,Leavens,kleavensg2@upenn.edu,Female,15.198.76.159
580,Pru,Sorro,psorrog3@vistaprint.com,Female,53.185.71.47
581,Roxi,McVity,rmcvityg4@illinois.edu,Female,57.185.50.79
582,Stevie,Penzer,spenzerg5@phoca.cz,Male,168.108.101.39
583,Dallon,Olligan,dolligang6@merriam-webster.com,Male,37.44.239.110
584,Cassaundra,MacMeeking,cmacmeekingg7@biblegateway.com,Female,69.188.185.75
585,Andi,Goscomb,agoscombg8@mayoclinic.com,Female,195.236.95.197
586,Gerty,Egre,gegreg9@tamu.edu,Female,196.182.160.219
587,Jerrilee,Linnemann,jlinnemannga@nifty.com,Female,11.186.16.66
588,Cristal,Kabos,ckabosgb@deliciousdays.com,Female,21.118.173.83
589,Halli,McEvon,hmcevongc@ycombinator.com,Female,151.176.240.45
590,Karola,Boler,kbolergd@weather.com,Female,110.42.153.211
591,Odessa,Dyter,odyterge@w3.org,Female,124.45.159.55
592,Filip,Fall,ffallgf@sitemeter.com,Male,146.198.45.26
593,Martha,Boreland,mborelandgg@hud.gov,Female,145.138.103.65
594,Emili,Ormerod,eormerodgh@studiopress.com,Female,117.188.103.211
595,Shoshanna,Entwisle,sentwislegi@aboutads.info,Female,152.85.228.174
596,Kristofor,Marchment,kmarchmentgj@jugem.jp,Agender,37.101.138.211
597,Thaddeus,Bremmer,tbremmergk@linkedin.com,Male,32.203.184.46
598,Nero,Shimony,nshimonygl@mail.ru,Male,151.14.68.116
599,Axel,Cunnah,acunnahgm@smugmug.com,Male,181.96.88.16
600,Normy,Hatje,nhatjegn@cmu.edu,Male,190.173.60.187
601,Verena,Sterndale,vsterndalego@rakuten.co.jp,Female,156.22.32.144
602,Cointon,Everix,ceverixgp@netlog.com,Male,33.219.126.162
603,Gerald,Rosenzveig,grosenzveiggq@nature.com,Male,165.47.111.82
604,Cassandra,Levet,clevetgr@bandcamp.com,Genderfluid,85.242.29.95
605,Giovanni,Thomsson,gthomssongs@last.fm,Male,152.164.146.90
606,Quentin,Yansons,qyansonsgt@state.tx.us,Female,115.13.122.171
607,Adrian,Strahan,astrahangu@paginegialle.it,Male,195.21.182.153
608,Keven,Smithers,ksmithersgv@twitter.com,Male,196.2.220.152
609,Petrina,M'Quhan,pmquhangw@diigo.com,Female,16.193.75.132
610,Gracia,Poznan,gpoznangx@reverbnation.com,Female,70.189.139.212
611,Damiano,Hulcoop,dhulcoopgy@yahoo.co.jp,Male,194.55.184.116
612,Ado,Greasty,agreastygz@ning.com,Male,225.254.113.37
613,Brittne,Scipsey,bscipseyh0@google.com.au,Female,246.187.48.20
614,Carena,Tassel,ctasselh1@webeden.co.uk,Female,86.204.156.140
615,Karlen,Melluish,kmelluishh2@tuttocitta.it,Agender,168.198.151.213
616,Gizela,Cowdery,gcowderyh3@constantcontact.com,Female,24.7.110.9
617,Robinson,Bourdas,rbourdash4@pagesperso-orange.fr,Male,239.254.4.177
618,Kent,Karlolak,kkarlolakh5@bravesites.com,Male,17.202.187.240
619,Stefania,Sperski,ssperskih6@disqus.com,Female,58.187.176.41
620,Cassondra,Gymlett,cgymletth7@nsw.gov.au,Female,175.36.226.43
621,Anna-diana,Bettis,abettish8@hexun.com,Female,243.111.95.201
622,Lilith,Barford,lbarfordh9@hp.com,Female,255.184.144.178
623,Suzanna,Merrill,smerrillha@wp.com,Female,118.130.54.7
624,Ruprecht,Bowerbank,rbowerbankhb@hexun.com,Male,0.60.196.167
625,Tildi,Spring,tspringhc@noaa.gov,Polygender,197.225.12.81
626,Jarvis,Bukowski,jbukowskihd@columbia.edu,Male,250.8.53.89
627,Karilynn,Dimmock,kdimmockhe@xrea.com,Female,163.41.206.180
628,Petey,Okenden,pokendenhf@bluehost.com,Male,232.242.78.253
629,Garek,Hastelow,ghastelowhg@admin.ch,Male,114.194.57.249
630,Cati,Gylle,cgyllehh@apache.org,Female,169.88.144.15
631,Lorenzo,Ramelot,lramelothi@shinystat.com,Male,33.166.188.87
632,Haleigh,Lampert,hlamperthj@netlog.com,Female,206.247.250.167
633,Cristabel,Stebles,cstebleshk@cloudflare.com,Female,123.255.100.235
634,Jillene,Rentenbeck,jrentenbeckhl@fastcompany.com,Female,85.122.236.50
635,Martelle,Drinkale,mdrinkalehm@github.io,Female,34.53.90.214
636,Heloise,Giacovetti,hgiacovettihn@xrea.com,Female,36.179.54.167
637,Jenine,Valentim,jvalentimho@360.cn,Female,87.2.141.244
638,Petronille,Richford,prichfordhp@spiegel.de,Polygender,142.58.222.22
639,Carrol,Maffy,cmaffyhq@guardian.co.uk,Male,127.71.20.160
640,Carina,Hanbidge,chanbidgehr@sina.com.cn,Polygender,111.82.106.193
641,Marita,Skeermer,mskeermerhs@latimes.com,Female,32.98.253.213
642,Thorpe,Stampe,tstampeht@ustream.tv,Male,162.54.81.116
643,Andriette,Carnalan,acarnalanhu@arizona.edu,Polygender,151.22.63.229
644,Jacky,Affuso,jaffusohv@sogou.com,Male,59.153.54.178
645,Rolfe,Kamena,rkamenahw@nydailynews.com,Male,55.212.182.81
646,Benjy,Dennison,bdennisonhx@bing.com,Male,165.153.246.161
647,Ellene,Tumini,etuminihy@skyrock.com,Female,194.112.229.172
648,Darius,McAline,dmcalinehz@scribd.com,Male,62.226.84.16
649,Perceval,Pointin,ppointini0@europa.eu,Male,178.81.152.177
650,Minor,Ainslie,mainsliei1@japanpost.jp,Male,137.97.164.92
651,Winn,Gavigan,wgavigani2@ted.com,Male,117.207.5.205
652,Quintin,Smead,qsmeadi3@epa.gov,Genderfluid,57.5.212.101
653,Edy,Bisacre,ebisacrei4@sina.com.cn,Female,79.216.16.1
654,Marian,Svanini,msvaninii5@house.gov,Female,218.32.75.136
655,Carma,Domm,cdommi6@phpbb.com,Genderqueer,194.145.145.26
656,Caron,Prynne,cprynnei7@delicious.com,Female,233.209.126.88
657,Terencio,Onslow,tonslowi8@jigsy.com,Male,105.5.180.216
658,Lethia,Puleston,lpulestoni9@eventbrite.com,Female,23.43.3.183
659,Taylor,Sugarman,tsugarmania@wix.com,Male,224.96.232.23
660,Arlee,Gennrich,agennrichib@wix.com,Female,95.44.105.239
661,Vita,Harme,vharmeic@mac.com,Agender,176.175.13.4
662,Hyacinthe,Foord,hfoordid@ucla.edu,Female,89.145.76.225
663,Cassey,Lauks,clauksie@boston.com,Female,64.130.119.88
664,Tadeo,Clayworth,tclayworthif@mac.com,Male,112.158.217.182
665,Brittne,Paige,bpaigeig@tripod.com,Female,132.106.124.21
666,Gusella,Penner,gpennerih@pagesperso-orange.fr,Female,142.78.254.100
667,Goraud,Ravelus,gravelusii@desdev.cn,Male,52.186.100.95
668,Jamal,Morey,jmoreyij@fotki.com,Male,224.44.182.205
669,Xaviera,Charlin,xcharlinik@php.net,Agender,170.190.131.219
670,Rolf,Riseborough,rriseboroughil@ifeng.com,Polygender,58.22.129.242
671,Miguela,Gatehouse,mgatehouseim@deliciousdays.com,Female,184.137.220.250
672,Eugenie,Twallin,etwallinin@themeforest.net,Female,82.41.66.234
673,Rochell,Loffel,rloffelio@ft.com,Female,131.254.99.166
674,Ferdie,Denton,fdentonip@wikispaces.com,Male,173.198.143.237
675,Alie,Mustarde,amustardeiq@sun.com,Agender,80.141.143.225
676,Gregor,Lovett,glovettir@mapy.cz,Male,246.115.66.127
677,Ramona,Wivell,rwivellis@unblog.fr,Non-binary,226.184.227.179
678,Cori,VanBrugh,cvanbrughit@china.com.cn,Female,227.129.26.163
679,Oriana,Sworder,osworderiu@imgur.com,Female,171.145.163.170
680,Maximilianus,Sumpter,msumpteriv@toplist.cz,Male,67.243.29.78
681,Gaby,McMichell,gmcmichelliw@imgur.com,Female,227.223.137.171
682,Catharina,Ybarra,cybarraix@hp.com,Female,186.105.180.110
683,Caresse,Fargher,cfargheriy@ucla.edu,Female,71.21.45.176
684,Tommy,Rushford,trushfordiz@prnewswire.com,Female,224.107.181.191
685,Tadeo,Bickell,tbickellj0@theatlantic.com,Bigender,22.88.18.5
686,Francene,Badman,fbadmanj1@friendfeed.com,Female,170.18.232.87
687,Merci,Bensley,mbensleyj2@ning.com,Female,203.104.84.81
688,Meridel,Rookledge,mrookledgej3@google.ru,Female,33.183.132.66
689,Bibi,Goff,bgoffj4@redcross.org,Female,144.149.206.107
690,Moira,Hatherleigh,mhatherleighj5@technorati.com,Female,194.242.139.181
691,Levon,Challes,lchallesj6@oaic.gov.au,Bigender,100.234.148.116
692,Kennie,Coughlin,kcoughlinj7@shareasale.com,Male,206.46.63.66
693,Booth,Aistrop,baistropj8@microsoft.com,Male,196.228.19.117
694,Langsdon,Askew,laskewj9@chicagotribune.com,Male,192.58.149.17
695,Alf,Bawle,abawleja@noaa.gov,Male,70.189.155.223
696,Elsbeth,Pipes,epipesjb@latimes.com,Female,51.47.183.184
697,Stace,Beckson,sbecksonjc@java.com,Female,161.216.96.105
698,Griswold,Anglin,ganglinjd@com.com,Male,17.147.0.248
699,Elbertina,Mulheron,emulheronje@google.nl,Female,34.36.19.75
700,Ulick,Karczinski,ukarczinskijf@deliciousdays.com,Male,127.55.178.184
701,Fields,Handslip,fhandslipjg@reddit.com,Male,21.214.187.52
702,Timothy,Stute,tstutejh@ovh.net,Male,186.205.89.140
703,Daffy,Blaydon,dblaydonji@ezinearticles.com,Female,108.138.49.36
704,Benedikt,Veare,bvearejj@aol.com,Agender,77.202.116.250
705,Jermaine,Foyle,jfoylejk@webmd.com,Female,94.92.11.191
706,Richy,Antognetti,rantognettijl@github.io,Male,52.151.68.121
707,Felita,Tyndall,ftyndalljm@dailymotion.com,Female,166.188.186.77
708,Tina,Shinn,tshinnjn@mozilla.com,Female,44.217.107.7
709,Amalia,Lepoidevin,alepoidevinjo@163.com,Female,139.113.109.229
710,Lexie,Ajam,lajamjp@tripod.com,Female,58.253.225.95
711,Letizia,Arpin,larpinjq@multiply.com,Female,99.36.133.58
712,Clarence,Parry,cparryjr@hc360.com,Male,245.164.242.60
713,Beatrix,Hourstan,bhourstanjs@cdc.gov,Genderqueer,13.210.165.82
714,Brande,Franzewitch,bfranzewitchjt@mediafire.com,Female,158.51.117.162
715,Sherry,Shillabeare,sshillabeareju@topsy.com,Female,234.4.116.122
716,Kristina,Dayborne,kdaybornejv@bandcamp.com,Female,252.110.249.218
717,Mathilde,Norcutt,mnorcuttjw@bbb.org,Female,102.205.39.139
718,Lamar,Linde,llindejx@typepad.com,Male,89.186.246.148
719,Alexandrina,Martinson,amartinsonjy@g.co,Female,30.205.3.76
720,Betteann,Wilbore,bwilborejz@sfgate.com,Female,226.167.92.62
721,Pyotr,Robb,probbk0@patch.com,Male,192.233.193.87
722,Charlene,Pickavant,cpickavantk1@wisc.edu,Female,252.197.124.83
723,Daryl,Bernon,dbernonk2@bloglines.com,Female,211.17.170.247
724,Nicoline,Clewlow,nclewlowk3@webnode.com,Female,204.171.65.218
725,Laurel,MacInnes,lmacinnesk4@edublogs.org,Female,190.140.34.212
726,Doro,Oels,doelsk5@fc2.com,Female,125.100.35.99
727,Huntlee,Claffey,hclaffeyk6@cbc.ca,Male,104.199.111.209
728,Mommy,McCanny,mmccannyk7@facebook.com,Polygender,8.227.158.169
729,Essa,Hukin,ehukink8@topsy.com,Female,233.158.204.166
730,Vivia,Threadkell,vthreadkellk9@pen.io,Female,115.204.76.77
731,Carolina,Crosston,ccrosstonka@miibeian.gov.cn,Female,27.118.58.95
732,Orville,Benitti,obenittikb@lycos.com,Male,144.18.56.111
733,Leroi,Larchiere,llarchierekc@goodreads.com,Male,135.131.4.136
734,Jonis,Lemerie,jlemeriekd@quantcast.com,Female,55.7.29.130
735,Dorri,Heads,dheadske@businessinsider.com,Female,196.92.185.233
736,Raymond,Load,rloadkf@photobucket.com,Male,229.102.250.249
737,Elwin,McAuley,emcauleykg@intel.com,Male,146.11.227.180
738,Dannie,Troillet,dtroilletkh@blogtalkradio.com,Female,6.243.121.63
739,Raychel,Pakeman,rpakemanki@geocities.com,Female,152.103.149.114
740,Georgena,Mont,gmontkj@bravesites.com,Female,197.104.8.24
741,Codie,Gomery,cgomerykk@wired.com,Male,230.239.118.230
742,Auberon,Myring,amyringkl@nydailynews.com,Male,31.194.74.10
743,Deloris,Trevarthen,dtrevarthenkm@wikispaces.com,Female,129.95.173.22
744,Abramo,Boath,aboathkn@patch.com,Male,129.52.123.249
745,Mackenzie,Casini,mcasiniko@etsy.com,Male,50.240.181.139
746,Abran,Daintier,adaintierkp@springer.com,Male,38.190.217.138
747,Gabriela,Cawthery,gcawtherykq@sfgate.com,Female,233.80.167.236
748,Doyle,Bradnam,dbradnamkr@umich.edu,Male,25.0.201.6
749,Tersina,McCool,tmccoolks@topsy.com,Female,212.203.130.157
750,Adair,Zieme,aziemekt@phpbb.com,Male,11.214.46.124
751,Aleda,Mosdell,amosdellku@squidoo.com,Female,102.74.45.244
752,Linzy,Mathiassen,lmathiassenkv@hp.com,Female,243.183.26.3
753,Ange,Cholonin,acholoninkw@geocities.com,Male,193.212.127.213
754,Domingo,Comelini,dcomelinikx@fotki.com,Male,129.202.214.12
755,Ebenezer,Taunton,etauntonky@behance.net,Genderqueer,82.227.241.93
756,Cos,Wigsell,cwigsellkz@infoseek.co.jp,Male,111.7.228.41
757,Cass,Vedeniktov,cvedeniktovl0@foxnews.com,Male,210.102.111.243
758,Brantley,Steptow,bsteptowl1@paypal.com,Male,111.77.13.83
759,Nataline,Wittey,nwitteyl2@sourceforge.net,Female,7.55.146.221
760,Syman,Tantum,stantuml3@bandcamp.com,Male,200.17.127.221
761,Petrina,Alliot,palliotl4@wunderground.com,Female,137.177.206.121
762,Stillmann,Braunthal,sbraunthall5@google.ca,Non-binary,99.174.248.83
763,Phillipe,Adamovicz,padamoviczl6@prnewswire.com,Male,79.179.110.232
764,Jeri,Wray,jwrayl7@archive.org,Female,117.83.137.191
765,Suzy,Wiseman,swisemanl8@msn.com,Bigender,38.2.29.228
766,Marten,Edeler,medelerl9@dailymotion.com,Male,160.9.174.200
767,Sammie,Loachhead,sloachheadla@hatena.ne.jp,Polygender,146.179.144.23
768,Fidelia,Cunnell,fcunnelllb@jiathis.com,Female,191.114.62.225
769,Dorise,Pellew,dpellewlc@acquirethisname.com,Female,97.193.157.114
770,Willem,Fairbrace,wfairbraceld@bloglines.com,Male,13.0.55.255
771,Dionis,Cogzell,dcogzellle@instagram.com,Female,210.153.213.72
772,Cornie,Ranaghan,cranaghanlf@google.com,Female,166.59.120.137
773,Beatrix,Ever,beverlg@ox.ac.uk,Female,143.45.72.62
774,Darcee,Leadbeatter,dleadbeatterlh@mayoclinic.com,Female,219.141.42.168
775,Lianna,Dillingstone,ldillingstoneli@php.net,Female,162.146.184.162
776,Marje,Lefwich,mlefwichlj@sphinn.com,Female,195.57.218.162
777,Filbert,August,faugustlk@altervista.org,Male,14.37.215.72
778,Rici,Taphouse,rtaphousell@sfgate.com,Female,200.221.181.216
779,Kellsie,Piddlehinton,kpiddlehintonlm@hc360.com,Female,205.254.171.59
780,Lizette,Lulham,llulhamln@marketwatch.com,Female,61.133.15.76
781,Gertie,Stivey,gstiveylo@army.mil,Bigender,215.34.127.232
782,Margarethe,Billes,mbilleslp@sbwire.com,Female,244.75.194.183
783,Carlota,Teasdale,cteasdalelq@about.me,Female,128.233.123.1
784,Sharia,Burchard,sburchardlr@discovery.com,Female,67.14.173.234
785,Codie,Milella,cmilellals@youtu.be,Female,77.102.155.163
786,Ariel,Votier,avotierlt@discuz.net,Male,66.228.14.17
787,Barthel,Stanlock,bstanlocklu@theglobeandmail.com,Male,29.143.14.38
788,Karoly,Thornley,kthornleylv@umn.edu,Genderqueer,46.171.70.133
789,Addia,Waycot,awaycotlw@meetup.com,Female,242.22.26.77
790,Sunny,Martinho,smartinholx@e-recht24.de,Male,225.216.183.60
791,Robb,Killcross,rkillcrossly@plala.or.jp,Male,77.181.11.129
792,Claus,Taberner,ctabernerlz@google.nl,Male,19.58.227.144
793,Cleo,Mountfort,cmountfortm0@wikipedia.org,Non-binary,92.23.118.218
794,Jerad,Cammoile,jcammoilem1@hhs.gov,Male,244.123.152.165
795,Chrisy,Hamblin,chamblinm2@un.org,Male,34.142.142.2
796,Malinde,St Ledger,mstledgerm3@china.com.cn,Female,196.69.158.159
797,Ulric,Doreward,udorewardm4@ehow.com,Male,111.124.49.96
798,Jessy,Markushkin,jmarkushkinm5@census.gov,Female,6.63.66.198
799,Benedicta,Jaggar,bjaggarm6@adobe.com,Female,74.213.65.28
800,Shana,Moreno,smorenom7@jugem.jp,Female,94.35.225.99
801,Florian,Cheson,fchesonm8@networksolutions.com,Male,249.223.150.134
802,Amalea,Skellern,askellernm9@mysql.com,Female,231.217.228.232
803,Nicoli,Tombling,ntomblingma@simplemachines.org,Female,56.253.99.172
804,Silvanus,Nursey,snurseymb@dailymail.co.uk,Bigender,126.40.200.201
805,Collette,Dudney,cdudneymc@wikipedia.org,Female,158.247.216.31
806,Anabel,Filppetti,afilppettimd@ucoz.com,Female,21.190.55.69
807,Dewey,McCrackem,dmccrackemme@unesco.org,Male,204.171.231.242
808,Julianna,Hubbert,jhubbertmf@blinklist.com,Female,15.124.191.192
809,Isahella,Moseley,imoseleymg@bbb.org,Female,34.61.91.113
810,Olvan,Stovine,ostovinemh@wikimedia.org,Male,167.73.65.84
811,Meggie,Blackford,mblackfordmi@uiuc.edu,Female,26.5.69.116
812,Crawford,Saxon,csaxonmj@sina.com.cn,Male,183.114.173.172
813,Lamar,Liptrot,lliptrotmk@qq.com,Male,44.28.244.28
814,Cly,Tellenbrok,ctellenbrokml@indiatimes.com,Male,33.150.19.50
815,Mireielle,Towe,mtowemm@4shared.com,Female,150.127.133.152
816,Elnore,Mullis,emullismn@sun.com,Female,196.234.242.255
817,Drona,Nash,dnashmo@goodreads.com,Female,175.25.36.115
818,Shanon,Tynewell,stynewellmp@cornell.edu,Female,122.162.105.91
819,Delainey,Gault,dgaultmq@state.tx.us,Male,26.43.221.155
820,Danila,Gillbanks,dgillbanksmr@taobao.com,Female,177.150.105.100
821,Ailene,Vallintine,avallintinems@ifeng.com,Female,171.152.110.25
822,Rycca,Abella,rabellamt@dot.gov,Female,7.150.112.228
823,Herta,Piche,hpichemu@deliciousdays.com,Female,253.210.120.118
824,Rafaello,Adlem,radlemmv@alexa.com,Male,138.10.8.96
825,Nadean,Mouser,nmousermw@shop-pro.jp,Female,205.9.27.246
826,Dolley,Chittem,dchittemmx@ameblo.jp,Female,71.27.8.111
827,Meyer,Ibbett,mibbettmy@sogou.com,Male,62.0.148.115
828,Cyrus,Baack,cbaackmz@cdbaby.com,Male,86.185.122.241
829,Ogden,Sturman,osturmann0@opera.com,Male,197.34.172.114
830,Isaac,Eam,ieamn1@noaa.gov,Male,4.194.33.218
831,Friedrich,Klehyn,fklehynn2@freewebs.com,Male,248.131.144.132
832,Kipper,Ramalho,kramalhon3@discovery.com,Male,174.42.212.68
833,Ebenezer,Stalf,estalfn4@posterous.com,Genderfluid,176.198.173.104
834,Cordie,Troughton,ctroughtonn5@instagram.com,Male,122.244.26.56
835,Reena,Gaskall,rgaskalln6@comcast.net,Female,129.24.249.112
836,Freeland,Yeomans,fyeomansn7@vimeo.com,Male,249.179.125.154
837,Allyn,Gillman,agillmann8@clickbank.net,Female,189.49.224.208
838,Lyman,Gann,lgannn9@fema.gov,Male,47.83.6.230
839,Luella,Whyley,lwhyleyna@ox.ac.uk,Female,246.114.126.177
840,Kalindi,Hecks,khecksnb@dedecms.com,Female,242.100.134.194
841,Murdoch,Baiyle,mbaiylenc@psu.edu,Male,192.96.166.59
842,Catherin,Brigdale,cbrigdalend@e-recht24.de,Female,204.71.196.155
843,Petronilla,Bartleman,pbartlemanne@cnn.com,Female,226.87.215.37
844,Julissa,Nazer,jnazernf@utexas.edu,Female,123.224.193.139
845,Wynnie,Maclean,wmacleanng@cnn.com,Female,17.207.205.192
846,Toby,McGenn,tmcgennnh@parallels.com,Male,18.223.217.48
847,Myra,Pledger,mpledgerni@istockphoto.com,Agender,94.210.216.83
848,Nola,Pedroli,npedrolinj@bloglovin.com,Female,150.230.206.29
849,Carmencita,Kopp,ckoppnk@ucoz.ru,Female,237.110.122.247
850,Vanny,Redington,vredingtonnl@arstechnica.com,Female,71.161.104.154
851,Milo,Pieroni,mpieroninm@wiley.com,Male,158.66.149.220
852,Bendick,Skrzynski,bskrzynskinn@nationalgeographic.com,Polygender,172.146.177.125
853,Gerri,Verny,gvernyno@twitter.com,Agender,20.250.235.64
854,Gertie,Ramberg,grambergnp@dyndns.org,Female,102.97.195.154
855,Lia,Eunson,leunsonnq@stanford.edu,Female,75.143.73.222
856,Giusto,Ray,graynr@china.com.cn,Agender,17.246.244.149
857,Boothe,Turbat,bturbatns@businessinsider.com,Male,106.32.78.3
858,Valera,Giacoppo,vgiacoppont@github.io,Female,24.151.155.76
859,Perice,Leavey,pleaveynu@scientificamerican.com,Male,23.206.177.30
860,Dicky,Priel,dprielnv@washingtonpost.com,Agender,85.52.188.50
861,Suzanna,Conwell,sconwellnw@apache.org,Female,101.167.138.210
862,Alexandros,Dax,adaxnx@java.com,Male,253.133.184.136
863,Jermayne,Aslum,jaslumny@cnet.com,Male,12.2.140.157
864,Eloisa,Abeau,eabeaunz@naver.com,Female,169.142.91.45
865,Dorthea,Alforde,dalfordeo0@ehow.com,Female,128.140.38.123
866,Cherin,Ellice,celliceo1@deviantart.com,Female,213.95.12.60
867,Micky,Gloy,mgloyo2@hatena.ne.jp,Female,44.80.30.164
868,Gauthier,Zellner,gzellnero3@fema.gov,Male,218.233.173.61
869,Yvor,Roset,yroseto4@jiathis.com,Male,63.41.208.54
870,Yance,Fotherby,yfotherbyo5@nifty.com,Non-binary,11.201.177.237
871,Goddart,Clint,gclinto6@posterous.com,Male,92.62.151.246
872,Alfy,Renak,arenako7@statcounter.com,Male,246.172.199.204
873,Nollie,Orteu,norteuo8@creativecommons.org,Male,253.38.13.112
874,Letti,Meckiff,lmeckiffo9@sciencedaily.com,Female,254.244.72.41
875,Noell,Dodshun,ndodshunoa@e-recht24.de,Female,152.101.128.210
876,Leigh,Lintill,llintillob@businessinsider.com,Female,60.151.199.18
877,Ody,Mila,omilaoc@pcworld.com,Male,60.209.149.127
878,Rodrigo,Leith,rleithod@icq.com,Male,0.193.96.98
879,Lucio,Cushworth,lcushworthoe@latimes.com,Male,202.145.16.153
880,Anissa,Bewsey,abewseyof@google.com.br,Female,94.107.241.82
881,Delcina,Boyce,dboyceog@arizona.edu,Female,27.112.214.154
882,Ezequiel,Pretley,epretleyoh@answers.com,Male,91.230.181.166
883,Maure,Rowlett,mrowlettoi@reverbnation.com,Female,47.146.149.16
884,Caresa,Ballinger,cballingeroj@clickbank.net,Female,159.249.108.206
885,Georgine,Oaten,goatenok@spiegel.de,Non-binary,77.187.77.188
886,Cullan,Paddick,cpaddickol@usda.gov,Male,192.109.107.252
887,Rahal,Ramsdell,rramsdellom@yellowbook.com,Female,198.49.155.153
888,Jo ann,Collyer,jcollyeron@huffingtonpost.com,Genderqueer,41.214.165.168
889,Glori,Kunkel,gkunkeloo@lulu.com,Female,13.159.243.184
890,Avivah,Hairsnape,ahairsnapeop@whitehouse.gov,Female,214.236.94.15
891,Reinald,Snazle,rsnazleoq@huffingtonpost.com,Male,50.36.117.2
892,Preston,Tolefree,ptolefreeor@pinterest.com,Male,52.24.83.133
893,Eleanora,Brooke,ebrookeos@cafepress.com,Female,186.43.36.68
894,Stacy,Alfonzo,salfonzoot@unesco.org,Male,171.217.100.127
895,Aluin,McKevitt,amckevittou@java.com,Male,82.180.201.111
896,Laird,Kleyn,lkleynov@netscape.com,Male,95.125.19.145
897,Woodman,Casiero,wcasieroow@ed.gov,Male,237.91.123.194
898,Lazarus,Dacres,ldacresox@vk.com,Male,97.186.5.112
899,Leigha,Lund,llundoy@geocities.jp,Bigender,3.117.84.206
900,Faythe,Learoyde,flearoydeoz@addthis.com,Female,176.128.146.192
901,Nananne,Standingford,nstandingfordp0@phpbb.com,Female,132.255.160.24
902,Marya,Tomasi,mtomasip1@amazon.co.jp,Female,73.253.84.131
903,Kurt,Claasen,kclaasenp2@economist.com,Male,111.34.102.129
904,Dolly,Kimbrey,dkimbreyp3@mediafire.com,Female,118.36.120.86
905,Floria,Scholes,fscholesp4@unesco.org,Female,72.112.1.189
906,Caril,Dedman,cdedmanp5@npr.org,Female,113.162.84.72
907,Blondy,Andreix,bandreixp6@1688.com,Female,9.62.121.72
908,Myranda,Schwanden,mschwandenp7@wufoo.com,Female,189.114.246.84
909,Constantia,Parrin,cparrinp8@facebook.com,Female,33.41.59.170
910,Palm,Cristofvao,pcristofvaop9@senate.gov,Male,184.200.150.213
911,Bobbee,Attrie,battriepa@guardian.co.uk,Female,52.76.160.163
912,Padgett,Pine,ppinepb@pcworld.com,Male,35.93.178.195
913,Florina,Bonefant,fbonefantpc@smh.com.au,Female,11.207.129.177
914,Paloma,Hadigate,phadigatepd@state.gov,Genderfluid,3.160.19.208
915,Shantee,Manus,smanuspe@about.me,Female,37.223.197.115
916,Katherine,Bell,kbellpf@nydailynews.com,Female,237.224.81.175
917,Celestine,D'Ambrosi,cdambrosipg@patch.com,Genderqueer,114.198.165.237
918,Reamonn,Jackalin,rjackalinph@1und1.de,Male,66.116.238.87
919,Brook,Canto,bcantopi@cnet.com,Male,35.181.28.55
920,Helaina,D'Enrico,hdenricopj@mlb.com,Female,77.20.101.224
921,Tedmund,Bendig,tbendigpk@geocities.com,Male,56.107.46.196
922,Sigismondo,Goodband,sgoodbandpl@cpanel.net,Male,105.99.20.91
923,Jervis,Raiman,jraimanpm@blinklist.com,Genderqueer,136.40.188.183
924,Kenyon,Stillert,kstillertpn@amazon.com,Male,168.248.156.84
925,Kirsti,McIndrew,kmcindrewpo@paypal.com,Female,195.181.90.118
926,Benoite,Rolston,brolstonpp@unicef.org,Female,217.19.165.46
927,Mabelle,Funnell,mfunnellpq@webeden.co.uk,Female,161.138.222.104
928,Fredia,Colbran,fcolbranpr@youtu.be,Female,17.181.59.101
929,Bekki,Sweetland,bsweetlandps@omniture.com,Female,108.100.101.47
930,Brooks,Simonou,bsimonoupt@indiegogo.com,Male,190.87.46.166
931,Wolfie,MacConnulty,wmacconnultypu@tiny.cc,Male,249.219.202.170
932,Kissiah,Mackstead,kmacksteadpv@purevolume.com,Female,212.69.138.5
933,Winna,Brosius,wbrosiuspw@ehow.com,Female,71.154.253.49
934,Hillier,Whytock,hwhytockpx@opera.com,Male,92.219.199.120
935,Arel,Gibbieson,agibbiesonpy@vistaprint.com,Male,99.224.197.36
936,Casandra,Cooke,ccookepz@constantcontact.com,Non-binary,101.254.165.107
937,Katine,Margach,kmargachq0@edublogs.org,Female,102.233.245.143
938,Redd,Paule,rpauleq1@mozilla.com,Male,181.6.66.63
939,Edward,Klugel,eklugelq2@godaddy.com,Male,244.125.104.166
940,Elvyn,Petera,epeteraq3@123-reg.co.uk,Male,186.243.84.1
941,Hamlin,Seint,hseintq4@jalbum.net,Male,142.168.177.200
942,Stacy,Berthe,sbertheq5@de.vu,Female,36.60.175.183
943,Juli,Jarrad,jjarradq6@com.com,Female,168.48.141.37
944,Ardath,Lebbon,alebbonq7@dedecms.com,Female,58.83.25.212
945,Bambie,Mazzeo,bmazzeoq8@reverbnation.com,Female,122.220.162.211
946,Kimberlyn,Grundy,kgrundyq9@163.com,Female,31.25.51.64
947,Erick,Swadlen,eswadlenqa@nydailynews.com,Male,147.206.35.153
948,Katharina,Stubbeley,kstubbeleyqb@google.ru,Female,227.67.204.123
949,Hadrian,Beachamp,hbeachampqc@mail.ru,Male,214.8.155.159
950,Babara,Lewty,blewtyqd@huffingtonpost.com,Female,223.180.221.236
951,Maire,Whitley,mwhitleyqe@prnewswire.com,Female,61.4.125.166
952,Milo,Mager,mmagerqf@google.pl,Male,145.156.134.41
953,Addy,Piff,apiffqg@netvibes.com,Female,20.213.141.149
954,Falito,Brill,fbrillqh@slate.com,Bigender,4.208.98.208
955,Cordey,Phittiplace,cphittiplaceqi@geocities.com,Female,94.211.116.73
956,Kermie,Furmenger,kfurmengerqj@fc2.com,Male,19.250.217.80
957,Harvey,MacFall,hmacfallqk@netlog.com,Male,54.92.117.100
958,Gareth,Neads,gneadsql@ucla.edu,Male,164.241.66.146
959,Roda,Crix,rcrixqm@ca.gov,Female,151.195.13.203
960,Irwin,Burg,iburgqn@usgs.gov,Male,193.69.60.53
961,Elizabet,De Giorgis,edegiorgisqo@youtu.be,Female,31.250.246.114
962,Melosa,Ingarfield,mingarfieldqp@de.vu,Female,44.109.145.107
963,Avie,Forten,afortenqq@vkontakte.ru,Female,28.1.132.13
964,Ferdie,O'Rodane,forodaneqr@desdev.cn,Male,201.128.57.193
965,Olympe,Rafferty,oraffertyqs@angelfire.com,Female,204.242.157.203
966,Ardisj,Ponceford,aponcefordqt@alexa.com,Female,199.100.240.225
967,Emelda,Lambal,elambalqu@unc.edu,Female,156.75.40.98
968,Kira,O'Gaven,kogavenqv@icio.us,Female,0.134.69.142
969,Flemming,Courtliff,fcourtliffqw@msu.edu,Male,151.116.155.91
970,Alice,Bourgour,abourgourqx@sciencedaily.com,Female,203.198.83.210
971,Bobby,Amner,bamnerqy@economist.com,Male,131.124.59.116
972,Ricki,Agglione,ragglioneqz@clickbank.net,Male,31.95.103.144
973,Sarette,Skerm,sskermr0@arstechnica.com,Female,194.222.239.5
974,Esmeralda,Czapla,eczaplar1@ycombinator.com,Genderfluid,95.177.189.39
975,Becki,Shoebottom,bshoebottomr2@i2i.jp,Female,225.57.222.224
976,Darn,Bulch,dbulchr3@msn.com,Male,244.132.155.49
977,Carmita,Mattingly,cmattinglyr4@eventbrite.com,Non-binary,192.124.215.178
978,Alyssa,Pierson,apiersonr5@huffingtonpost.com,Female,238.134.128.114
979,Ophelie,Harmstone,oharmstoner6@skype.com,Female,92.85.228.32
980,Maryl,Cargo,mcargor7@sciencedaily.com,Genderfluid,64.115.34.199
981,Aldon,Skull,askullr8@noaa.gov,Genderqueer,126.179.99.44
982,Audrey,Karran,akarranr9@imdb.com,Female,127.15.176.102
983,Yves,Bukac,ybukacra@hud.gov,Male,9.11.70.141
984,Sunny,Chung,schungrb@newsvine.com,Male,160.215.70.233
985,Josey,Kowalik,jkowalikrc@cornell.edu,Female,5.181.143.5
986,Lilla,Rogliero,lroglierord@weebly.com,Female,91.168.20.22
987,Maren,McLenaghan,mmclenaghanre@mapquest.com,Female,235.226.199.63
988,Ivan,Charkham,icharkhamrf@sun.com,Agender,114.35.94.208
989,Carey,Andrez,candrezrg@marriott.com,Female,239.59.177.140
990,Mari,MacCroary,mmaccroaryrh@opensource.org,Female,101.2.217.22
991,Heywood,Trickey,htrickeyri@howstuffworks.com,Male,167.146.73.13
992,Trueman,Gamlyn,tgamlynrj@topsy.com,Genderqueer,248.34.68.121
993,Ronnie,Shreve,rshreverk@storify.com,Male,158.221.16.211
994,Pooh,Lerner,plernerrl@chicagotribune.com,Female,80.229.34.52
995,Cristobal,Hutchinson,chutchinsonrm@discuz.net,Male,115.35.223.49
996,Diane,Gwynne,dgwynnern@disqus.com,Female,203.250.177.190
997,Bertie,Emblen,bemblenro@nbcnews.com,Female,208.251.141.166
998,Kerr,Aires,kairesrp@columbia.edu,Male,23.48.81.36
999,Alexina,Sone,asonerq@berkeley.edu,Female,28.219.76.46
1000,Nerta,Kitteringham,nkitteringhamrr@archive.org,Female,235.187.239.3
